{
  "modality": "action_only",
  "action_rep": "fast",
  "accuracy": 17.86237188872621,
  "num_examples": 683,
  "per_class": {
    "close": {
      "precision": 1.0,
      "recall": 0.14285714285714285,
      "f1-score": 0.25,
      "support": 7.0
    },
    "collapse": {
      "precision": 0.0,
      "recall": 0.0,
      "f1-score": 0.0,
      "support": 5.0
    },
    "go": {
      "precision": 0.0,
      "recall": 0.0,
      "f1-score": 0.0,
      "support": 2.0
    },
    "grasp": {
      "precision": 0.20833333333333334,
      "recall": 0.2403846153846154,
      "f1-score": 0.22321428571428573,
      "support": 104.0
    },
    "left": {
      "precision": 0.08571428571428572,
      "recall": 0.1,
      "f1-score": 0.09230769230769231,
      "support": 30.0
    },
    "lift": {
      "precision": 0.07692307692307693,
      "recall": 0.03125,
      "f1-score": 0.044444444444444446,
      "support": 32.0
    },
    "lift up": {
      "precision": 0.0,
      "recall": 0.0,
      "f1-score": 0.0,
      "support": 11.0
    },
    "move": {
      "precision": 0.14285714285714285,
      "recall": 0.045454545454545456,
      "f1-score": 0.06896551724137931,
      "support": 22.0
    },
    "move up": {
      "precision": 0.0,
      "recall": 0.0,
      "f1-score": 0.0,
      "support": 2.0
    },
    "open": {
      "precision": 0.0,
      "recall": 0.0,
      "f1-score": 0.0,
      "support": 7.0
    },
    "pick up": {
      "precision": 0.19626168224299065,
      "recall": 0.2727272727272727,
      "f1-score": 0.22826086956521738,
      "support": 77.0
    },
    "place": {
      "precision": 0.23809523809523808,
      "recall": 0.3225806451612903,
      "f1-score": 0.273972602739726,
      "support": 31.0
    },
    "pull": {
      "precision": 0.0,
      "recall": 0.0,
      "f1-score": 0.0,
      "support": 4.0
    },
    "push": {
      "precision": 0.22413793103448276,
      "recall": 0.29545454545454547,
      "f1-score": 0.2549019607843137,
      "support": 88.0
    },
    "put": {
      "precision": 0.11538461538461539,
      "recall": 0.12,
      "f1-score": 0.11764705882352941,
      "support": 25.0
    },
    "remove": {
      "precision": 0.0,
      "recall": 0.0,
      "f1-score": 0.0,
      "support": 8.0
    },
    "rotate": {
      "precision": 0.3125,
      "recall": 0.3508771929824561,
      "f1-score": 0.3305785123966942,
      "support": 57.0
    },
    "slide": {
      "precision": 0.11363636363636363,
      "recall": 0.1694915254237288,
      "f1-score": 0.1360544217687075,
      "support": 59.0
    },
    "slide down": {
      "precision": 0.0,
      "recall": 0.0,
      "f1-score": 0.0,
      "support": 4.0
    },
    "slide up": {
      "precision": 0.0,
      "recall": 0.0,
      "f1-score": 0.0,
      "support": 2.0
    },
    "stack": {
      "precision": 0.0,
      "recall": 0.0,
      "f1-score": 0.0,
      "support": 13.0
    },
    "store": {
      "precision": 0.0,
      "recall": 0.0,
      "f1-score": 0.0,
      "support": 6.0
    },
    "sweep": {
      "precision": 0.0,
      "recall": 0.0,
      "f1-score": 0.0,
      "support": 26.0
    },
    "take off": {
      "precision": 0.0,
      "recall": 0.0,
      "f1-score": 0.0,
      "support": 8.0
    },
    "turn": {
      "precision": 0.038461538461538464,
      "recall": 0.030303030303030304,
      "f1-score": 0.03389830508474576,
      "support": 33.0
    },
    "turn off": {
      "precision": 0.0,
      "recall": 0.0,
      "f1-score": 0.0,
      "support": 17.0
    },
    "unstack": {
      "precision": 0.0,
      "recall": 0.0,
      "f1-score": 0.0,
      "support": 3.0
    },
    "accuracy": 0.17862371888726208,
    "macro avg": {
      "precision": 0.1019372299141877,
      "recall": 0.07856964873143063,
      "f1-score": 0.07608317299521243,
      "support": 683.0
    },
    "weighted avg": {
      "precision": 0.15773151141373293,
      "recall": 0.17862371888726208,
      "f1-score": 0.1612058519837073,
      "support": 683.0
    }
  }
}