{
  "modality": "action_only",
  "action_rep": "fast",
  "accuracy": 18.887262079062957,
  "num_examples": 683,
  "per_class": {
    "close": {
      "precision": 0.0,
      "recall": 0.0,
      "f1-score": 0.0,
      "support": 7.0
    },
    "collapse": {
      "precision": 0.0,
      "recall": 0.0,
      "f1-score": 0.0,
      "support": 5.0
    },
    "go": {
      "precision": 0.0,
      "recall": 0.0,
      "f1-score": 0.0,
      "support": 2.0
    },
    "grasp": {
      "precision": 0.21875,
      "recall": 0.33653846153846156,
      "f1-score": 0.26515151515151514,
      "support": 104.0
    },
    "left": {
      "precision": 0.0,
      "recall": 0.0,
      "f1-score": 0.0,
      "support": 30.0
    },
    "lift": {
      "precision": 0.0,
      "recall": 0.0,
      "f1-score": 0.0,
      "support": 32.0
    },
    "lift up": {
      "precision": 0.0,
      "recall": 0.0,
      "f1-score": 0.0,
      "support": 11.0
    },
    "move": {
      "precision": 0.0,
      "recall": 0.0,
      "f1-score": 0.0,
      "support": 22.0
    },
    "move up": {
      "precision": 0.0,
      "recall": 0.0,
      "f1-score": 0.0,
      "support": 2.0
    },
    "open": {
      "precision": 0.0,
      "recall": 0.0,
      "f1-score": 0.0,
      "support": 7.0
    },
    "pick up": {
      "precision": 0.18831168831168832,
      "recall": 0.37662337662337664,
      "f1-score": 0.2510822510822511,
      "support": 77.0
    },
    "place": {
      "precision": 0.1981981981981982,
      "recall": 0.7096774193548387,
      "f1-score": 0.30985915492957744,
      "support": 31.0
    },
    "pull": {
      "precision": 0.0,
      "recall": 0.0,
      "f1-score": 0.0,
      "support": 4.0
    },
    "push": {
      "precision": 0.19117647058823528,
      "recall": 0.14772727272727273,
      "f1-score": 0.16666666666666666,
      "support": 88.0
    },
    "put": {
      "precision": 0.0,
      "recall": 0.0,
      "f1-score": 0.0,
      "support": 25.0
    },
    "remove": {
      "precision": 0.0,
      "recall": 0.0,
      "f1-score": 0.0,
      "support": 8.0
    },
    "rotate": {
      "precision": 0.16129032258064516,
      "recall": 0.5263157894736842,
      "f1-score": 0.24691358024691357,
      "support": 57.0
    },
    "slide": {
      "precision": 0.0,
      "recall": 0.0,
      "f1-score": 0.0,
      "support": 59.0
    },
    "slide down": {
      "precision": 0.0,
      "recall": 0.0,
      "f1-score": 0.0,
      "support": 4.0
    },
    "slide up": {
      "precision": 0.0,
      "recall": 0.0,
      "f1-score": 0.0,
      "support": 2.0
    },
    "stack": {
      "precision": 0.0,
      "recall": 0.0,
      "f1-score": 0.0,
      "support": 13.0
    },
    "store": {
      "precision": 0.0,
      "recall": 0.0,
      "f1-score": 0.0,
      "support": 6.0
    },
    "sweep": {
      "precision": 0.0,
      "recall": 0.0,
      "f1-score": 0.0,
      "support": 26.0
    },
    "take off": {
      "precision": 0.0,
      "recall": 0.0,
      "f1-score": 0.0,
      "support": 8.0
    },
    "turn": {
      "precision": 0.0,
      "recall": 0.0,
      "f1-score": 0.0,
      "support": 33.0
    },
    "turn off": {
      "precision": 0.0,
      "recall": 0.0,
      "f1-score": 0.0,
      "support": 17.0
    },
    "unstack": {
      "precision": 0.0,
      "recall": 0.0,
      "f1-score": 0.0,
      "support": 3.0
    },
    "accuracy": 0.18887262079062958,
    "macro avg": {
      "precision": 0.035471358506621,
      "recall": 0.07766230813769015,
      "f1-score": 0.045913821039886074,
      "support": 683.0
    },
    "weighted avg": {
      "precision": 0.10162697209810485,
      "recall": 0.18887262079062958,
      "f1-score": 0.12482498602144737,
      "support": 683.0
    }
  }
}