{
  "modality": "action_only",
  "action_rep": "native",
  "accuracy": 39.38506588579795,
  "num_examples": 683,
  "per_class": {
    "close": {
      "precision": 0.6666666666666666,
      "recall": 0.5714285714285714,
      "f1-score": 0.6153846153846154,
      "support": 7.0
    },
    "collapse": {
      "precision": 0.0,
      "recall": 0.0,
      "f1-score": 0.0,
      "support": 5.0
    },
    "go": {
      "precision": 0.0,
      "recall": 0.0,
      "f1-score": 0.0,
      "support": 2.0
    },
    "grasp": {
      "precision": 0.44594594594594594,
      "recall": 0.3173076923076923,
      "f1-score": 0.3707865168539326,
      "support": 104.0
    },
    "left": {
      "precision": 0.22727272727272727,
      "recall": 0.16666666666666666,
      "f1-score": 0.19230769230769232,
      "support": 30.0
    },
    "lift": {
      "precision": 0.17647058823529413,
      "recall": 0.09375,
      "f1-score": 0.12244897959183673,
      "support": 32.0
    },
    "lift up": {
      "precision": 0.5,
      "recall": 0.09090909090909091,
      "f1-score": 0.15384615384615385,
      "support": 11.0
    },
    "move": {
      "precision": 0.32,
      "recall": 0.36363636363636365,
      "f1-score": 0.3404255319148936,
      "support": 22.0
    },
    "move up": {
      "precision": 0.0,
      "recall": 0.0,
      "f1-score": 0.0,
      "support": 2.0
    },
    "open": {
      "precision": 0.0,
      "recall": 0.0,
      "f1-score": 0.0,
      "support": 7.0
    },
    "pick up": {
      "precision": 0.3482142857142857,
      "recall": 0.5064935064935064,
      "f1-score": 0.4126984126984127,
      "support": 77.0
    },
    "place": {
      "precision": 0.4444444444444444,
      "recall": 0.5161290322580645,
      "f1-score": 0.47761194029850745,
      "support": 31.0
    },
    "pull": {
      "precision": 0.3076923076923077,
      "recall": 1.0,
      "f1-score": 0.47058823529411764,
      "support": 4.0
    },
    "push": {
      "precision": 0.3644859813084112,
      "recall": 0.4431818181818182,
      "f1-score": 0.4,
      "support": 88.0
    },
    "put": {
      "precision": 0.25,
      "recall": 0.12,
      "f1-score": 0.16216216216216217,
      "support": 25.0
    },
    "remove": {
      "precision": 0.0,
      "recall": 0.0,
      "f1-score": 0.0,
      "support": 8.0
    },
    "rotate": {
      "precision": 0.6129032258064516,
      "recall": 1.0,
      "f1-score": 0.76,
      "support": 57.0
    },
    "slide": {
      "precision": 0.24489795918367346,
      "recall": 0.2033898305084746,
      "f1-score": 0.2222222222222222,
      "support": 59.0
    },
    "slide down": {
      "precision": 0.0,
      "recall": 0.0,
      "f1-score": 0.0,
      "support": 4.0
    },
    "slide up": {
      "precision": 0.0,
      "recall": 0.0,
      "f1-score": 0.0,
      "support": 2.0
    },
    "stack": {
      "precision": 0.34782608695652173,
      "recall": 0.6153846153846154,
      "f1-score": 0.4444444444444444,
      "support": 13.0
    },
    "store": {
      "precision": 0.15384615384615385,
      "recall": 0.3333333333333333,
      "f1-score": 0.21052631578947367,
      "support": 6.0
    },
    "sweep": {
      "precision": 0.0,
      "recall": 0.0,
      "f1-score": 0.0,
      "support": 26.0
    },
    "take off": {
      "precision": 0.26666666666666666,
      "recall": 0.5,
      "f1-score": 0.34782608695652173,
      "support": 8.0
    },
    "turn": {
      "precision": 0.6923076923076923,
      "recall": 0.5454545454545454,
      "f1-score": 0.6101694915254238,
      "support": 33.0
    },
    "turn off": {
      "precision": 0.52,
      "recall": 0.7647058823529411,
      "f1-score": 0.6190476190476191,
      "support": 17.0
    },
    "unstack": {
      "precision": 0.0,
      "recall": 0.0,
      "f1-score": 0.0,
      "support": 3.0
    },
    "accuracy": 0.3938506588579795,
    "macro avg": {
      "precision": 0.25517187896471266,
      "recall": 0.3019174425524327,
      "f1-score": 0.25675912667918627,
      "support": 683.0
    },
    "weighted avg": {
      "precision": 0.3584844300823526,
      "recall": 0.3938506588579795,
      "f1-score": 0.3607217726453801,
      "support": 683.0
    }
  }
}