{
  "modality": "action_only",
  "action_rep": "fast",
  "accuracy": 8.49194729136164,
  "num_examples": 683,
  "per_class": {
    "close": {
      "precision": 0.0,
      "recall": 0.0,
      "f1-score": 0.0,
      "support": 7.0
    },
    "collapse": {
      "precision": 0.0,
      "recall": 0.0,
      "f1-score": 0.0,
      "support": 5.0
    },
    "go": {
      "precision": 0.0,
      "recall": 0.0,
      "f1-score": 0.0,
      "support": 2.0
    },
    "grasp": {
      "precision": 0.15384615384615385,
      "recall": 0.057692307692307696,
      "f1-score": 0.08391608391608392,
      "support": 104.0
    },
    "left": {
      "precision": 0.25,
      "recall": 0.06666666666666667,
      "f1-score": 0.10526315789473684,
      "support": 30.0
    },
    "lift": {
      "precision": 0.0,
      "recall": 0.0,
      "f1-score": 0.0,
      "support": 32.0
    },
    "lift up": {
      "precision": 0.0,
      "recall": 0.0,
      "f1-score": 0.0,
      "support": 11.0
    },
    "move": {
      "precision": 0.09090909090909091,
      "recall": 0.045454545454545456,
      "f1-score": 0.06060606060606061,
      "support": 22.0
    },
    "move up": {
      "precision": 0.0,
      "recall": 0.0,
      "f1-score": 0.0,
      "support": 2.0
    },
    "open": {
      "precision": 0.0,
      "recall": 0.0,
      "f1-score": 0.0,
      "support": 7.0
    },
    "pick up": {
      "precision": 0.19130434782608696,
      "recall": 0.2857142857142857,
      "f1-score": 0.22916666666666666,
      "support": 77.0
    },
    "place": {
      "precision": 0.057777777777777775,
      "recall": 0.41935483870967744,
      "f1-score": 0.1015625,
      "support": 31.0
    },
    "pull": {
      "precision": 0.0,
      "recall": 0.0,
      "f1-score": 0.0,
      "support": 4.0
    },
    "push": {
      "precision": 0.0,
      "recall": 0.0,
      "f1-score": 0.0,
      "support": 88.0
    },
    "put": {
      "precision": 0.02857142857142857,
      "recall": 0.12,
      "f1-score": 0.046153846153846156,
      "support": 25.0
    },
    "remove": {
      "precision": 0.0,
      "recall": 0.0,
      "f1-score": 0.0,
      "support": 8.0
    },
    "rotate": {
      "precision": 0.0763888888888889,
      "recall": 0.19298245614035087,
      "f1-score": 0.10945273631840796,
      "support": 57.0
    },
    "slide": {
      "precision": 0.0,
      "recall": 0.0,
      "f1-score": 0.0,
      "support": 59.0
    },
    "slide down": {
      "precision": 0.0,
      "recall": 0.0,
      "f1-score": 0.0,
      "support": 4.0
    },
    "slide up": {
      "precision": 0.0,
      "recall": 0.0,
      "f1-score": 0.0,
      "support": 2.0
    },
    "stack": {
      "precision": 0.0,
      "recall": 0.0,
      "f1-score": 0.0,
      "support": 13.0
    },
    "store": {
      "precision": 0.0,
      "recall": 0.0,
      "f1-score": 0.0,
      "support": 6.0
    },
    "sweep": {
      "precision": 0.0,
      "recall": 0.0,
      "f1-score": 0.0,
      "support": 26.0
    },
    "take off": {
      "precision": 0.0,
      "recall": 0.0,
      "f1-score": 0.0,
      "support": 8.0
    },
    "turn": {
      "precision": 0.0,
      "recall": 0.0,
      "f1-score": 0.0,
      "support": 33.0
    },
    "turn off": {
      "precision": 0.0,
      "recall": 0.0,
      "f1-score": 0.0,
      "support": 17.0
    },
    "unstack": {
      "precision": 0.0,
      "recall": 0.0,
      "f1-score": 0.0,
      "support": 3.0
    },
    "accuracy": 0.0849194729136164,
    "macro avg": {
      "precision": 0.03143695140071952,
      "recall": 0.043995003717697545,
      "f1-score": 0.027263742650214896,
      "support": 683.0
    },
    "weighted avg": {
      "precision": 0.06894582470669426,
      "recall": 0.0849194729136164,
      "f1-score": 0.06062287519001011,
      "support": 683.0
    }
  }
}