{
  "modality": "full",
  "action_rep": "native",
  "accuracy": 42.166910688140554,
  "num_examples": 683,
  "per_class": {
    "close": {
      "precision": 0.0,
      "recall": 0.0,
      "f1-score": 0.0,
      "support": 7.0
    },
    "collapse": {
      "precision": 0.0,
      "recall": 0.0,
      "f1-score": 0.0,
      "support": 5.0
    },
    "go": {
      "precision": 0.0,
      "recall": 0.0,
      "f1-score": 0.0,
      "support": 2.0
    },
    "grasp": {
      "precision": 0.48,
      "recall": 0.34615384615384615,
      "f1-score": 0.4022346368715084,
      "support": 104.0
    },
    "left": {
      "precision": 0.1875,
      "recall": 0.1,
      "f1-score": 0.13043478260869565,
      "support": 30.0
    },
    "lift": {
      "precision": 0.42857142857142855,
      "recall": 0.09375,
      "f1-score": 0.15384615384615385,
      "support": 32.0
    },
    "lift up": {
      "precision": 0.0,
      "recall": 0.0,
      "f1-score": 0.0,
      "support": 11.0
    },
    "move": {
      "precision": 0.25,
      "recall": 0.4090909090909091,
      "f1-score": 0.3103448275862069,
      "support": 22.0
    },
    "move up": {
      "precision": 0.0,
      "recall": 0.0,
      "f1-score": 0.0,
      "support": 2.0
    },
    "open": {
      "precision": 0.0,
      "recall": 0.0,
      "f1-score": 0.0,
      "support": 7.0
    },
    "pick up": {
      "precision": 0.3565217391304348,
      "recall": 0.5324675324675324,
      "f1-score": 0.4270833333333333,
      "support": 77.0
    },
    "place": {
      "precision": 0.42,
      "recall": 0.6774193548387096,
      "f1-score": 0.5185185185185185,
      "support": 31.0
    },
    "pull": {
      "precision": 0.3076923076923077,
      "recall": 1.0,
      "f1-score": 0.47058823529411764,
      "support": 4.0
    },
    "push": {
      "precision": 0.45038167938931295,
      "recall": 0.6704545454545454,
      "f1-score": 0.5388127853881278,
      "support": 88.0
    },
    "put": {
      "precision": 0.16666666666666666,
      "recall": 0.04,
      "f1-score": 0.06451612903225806,
      "support": 25.0
    },
    "remove": {
      "precision": 0.3333333333333333,
      "recall": 0.125,
      "f1-score": 0.18181818181818182,
      "support": 8.0
    },
    "rotate": {
      "precision": 0.6086956521739131,
      "recall": 0.9824561403508771,
      "f1-score": 0.7516778523489933,
      "support": 57.0
    },
    "slide": {
      "precision": 0.35294117647058826,
      "recall": 0.2033898305084746,
      "f1-score": 0.25806451612903225,
      "support": 59.0
    },
    "slide down": {
      "precision": 0.0,
      "recall": 0.0,
      "f1-score": 0.0,
      "support": 4.0
    },
    "slide up": {
      "precision": 0.0,
      "recall": 0.0,
      "f1-score": 0.0,
      "support": 2.0
    },
    "stack": {
      "precision": 0.3,
      "recall": 0.46153846153846156,
      "f1-score": 0.36363636363636365,
      "support": 13.0
    },
    "store": {
      "precision": 0.18181818181818182,
      "recall": 0.3333333333333333,
      "f1-score": 0.23529411764705882,
      "support": 6.0
    },
    "sweep": {
      "precision": 0.0,
      "recall": 0.0,
      "f1-score": 0.0,
      "support": 26.0
    },
    "take off": {
      "precision": 0.3333333333333333,
      "recall": 0.75,
      "f1-score": 0.46153846153846156,
      "support": 8.0
    },
    "turn": {
      "precision": 0.6071428571428571,
      "recall": 0.5151515151515151,
      "f1-score": 0.5573770491803278,
      "support": 33.0
    },
    "turn off": {
      "precision": 0.44,
      "recall": 0.6470588235294118,
      "f1-score": 0.5238095238095238,
      "support": 17.0
    },
    "unstack": {
      "precision": 0.0,
      "recall": 0.0,
      "f1-score": 0.0,
      "support": 3.0
    },
    "accuracy": 0.4216691068814056,
    "macro avg": {
      "precision": 0.22979993910082808,
      "recall": 0.292120899719171,
      "f1-score": 0.2351702025402542,
      "support": 683.0
    },
    "weighted avg": {
      "precision": 0.3713347314885199,
      "recall": 0.4216691068814056,
      "f1-score": 0.371920819923831,
      "support": 683.0
    }
  }
}